[
{
  "model": "admin.logentry",
  "pk": 1,
  "fields": {
    "action_time": "2023-05-27T06:18:31.517Z",
    "user": 1,
    "content_type": 7,
    "object_id": "1",
    "object_repr": "Type object (1)",
    "action_flag": 1,
    "change_message": "[{\"added\": {}}]"
  }
},
{
  "model": "admin.logentry",
  "pk": 2,
  "fields": {
    "action_time": "2023-05-27T06:18:35.829Z",
    "user": 1,
    "content_type": 7,
    "object_id": "2",
    "object_repr": "Type object (2)",
    "action_flag": 1,
    "change_message": "[{\"added\": {}}]"
  }
},
{
  "model": "admin.logentry",
  "pk": 3,
  "fields": {
    "action_time": "2023-05-27T06:18:41.143Z",
    "user": 1,
    "content_type": 7,
    "object_id": "3",
    "object_repr": "Type object (3)",
    "action_flag": 1,
    "change_message": "[{\"added\": {}}]"
  }
},
{
  "model": "admin.logentry",
  "pk": 4,
  "fields": {
    "action_time": "2023-05-27T06:18:55.389Z",
    "user": 1,
    "content_type": 9,
    "object_id": "1",
    "object_repr": "Status object (1)",
    "action_flag": 1,
    "change_message": "[{\"added\": {}}]"
  }
},
{
  "model": "admin.logentry",
  "pk": 5,
  "fields": {
    "action_time": "2023-05-27T06:19:00.405Z",
    "user": 1,
    "content_type": 9,
    "object_id": "2",
    "object_repr": "Status object (2)",
    "action_flag": 1,
    "change_message": "[{\"added\": {}}]"
  }
},
{
  "model": "admin.logentry",
  "pk": 6,
  "fields": {
    "action_time": "2023-05-27T06:19:03.693Z",
    "user": 1,
    "content_type": 9,
    "object_id": "3",
    "object_repr": "Status object (3)",
    "action_flag": 1,
    "change_message": "[{\"added\": {}}]"
  }
},
{
  "model": "admin.logentry",
  "pk": 7,
  "fields": {
    "action_time": "2023-05-27T06:20:38.391Z",
    "user": 1,
    "content_type": 8,
    "object_id": "1",
    "object_repr": "Issue object (1)",
    "action_flag": 1,
    "change_message": "[{\"added\": {}}]"
  }
},
{
  "model": "admin.logentry",
  "pk": 8,
  "fields": {
    "action_time": "2023-05-27T06:21:49.810Z",
    "user": 1,
    "content_type": 8,
    "object_id": "2",
    "object_repr": "Issue object (2)",
    "action_flag": 1,
    "change_message": "[{\"added\": {}}]"
  }
},
{
  "model": "admin.logentry",
  "pk": 9,
  "fields": {
    "action_time": "2023-05-27T06:23:01.769Z",
    "user": 1,
    "content_type": 8,
    "object_id": "3",
    "object_repr": "Issue object (3)",
    "action_flag": 1,
    "change_message": "[{\"added\": {}}]"
  }
},
{
  "model": "admin.logentry",
  "pk": 10,
  "fields": {
    "action_time": "2023-05-27T06:24:25.495Z",
    "user": 1,
    "content_type": 8,
    "object_id": "4",
    "object_repr": "Issue object (4)",
    "action_flag": 1,
    "change_message": "[{\"added\": {}}]"
  }
},
{
  "model": "admin.logentry",
  "pk": 11,
  "fields": {
    "action_time": "2023-05-27T06:28:24.599Z",
    "user": 1,
    "content_type": 8,
    "object_id": "5",
    "object_repr": "Issue object (5)",
    "action_flag": 1,
    "change_message": "[{\"added\": {}}]"
  }
},
{
  "model": "auth.permission",
  "pk": 1,
  "fields": {
    "name": "Can add log entry",
    "content_type": 1,
    "codename": "add_logentry"
  }
},
{
  "model": "auth.permission",
  "pk": 2,
  "fields": {
    "name": "Can change log entry",
    "content_type": 1,
    "codename": "change_logentry"
  }
},
{
  "model": "auth.permission",
  "pk": 3,
  "fields": {
    "name": "Can delete log entry",
    "content_type": 1,
    "codename": "delete_logentry"
  }
},
{
  "model": "auth.permission",
  "pk": 4,
  "fields": {
    "name": "Can view log entry",
    "content_type": 1,
    "codename": "view_logentry"
  }
},
{
  "model": "auth.permission",
  "pk": 5,
  "fields": {
    "name": "Can add permission",
    "content_type": 2,
    "codename": "add_permission"
  }
},
{
  "model": "auth.permission",
  "pk": 6,
  "fields": {
    "name": "Can change permission",
    "content_type": 2,
    "codename": "change_permission"
  }
},
{
  "model": "auth.permission",
  "pk": 7,
  "fields": {
    "name": "Can delete permission",
    "content_type": 2,
    "codename": "delete_permission"
  }
},
{
  "model": "auth.permission",
  "pk": 8,
  "fields": {
    "name": "Can view permission",
    "content_type": 2,
    "codename": "view_permission"
  }
},
{
  "model": "auth.permission",
  "pk": 9,
  "fields": {
    "name": "Can add group",
    "content_type": 3,
    "codename": "add_group"
  }
},
{
  "model": "auth.permission",
  "pk": 10,
  "fields": {
    "name": "Can change group",
    "content_type": 3,
    "codename": "change_group"
  }
},
{
  "model": "auth.permission",
  "pk": 11,
  "fields": {
    "name": "Can delete group",
    "content_type": 3,
    "codename": "delete_group"
  }
},
{
  "model": "auth.permission",
  "pk": 12,
  "fields": {
    "name": "Can view group",
    "content_type": 3,
    "codename": "view_group"
  }
},
{
  "model": "auth.permission",
  "pk": 13,
  "fields": {
    "name": "Can add user",
    "content_type": 4,
    "codename": "add_user"
  }
},
{
  "model": "auth.permission",
  "pk": 14,
  "fields": {
    "name": "Can change user",
    "content_type": 4,
    "codename": "change_user"
  }
},
{
  "model": "auth.permission",
  "pk": 15,
  "fields": {
    "name": "Can delete user",
    "content_type": 4,
    "codename": "delete_user"
  }
},
{
  "model": "auth.permission",
  "pk": 16,
  "fields": {
    "name": "Can view user",
    "content_type": 4,
    "codename": "view_user"
  }
},
{
  "model": "auth.permission",
  "pk": 17,
  "fields": {
    "name": "Can add content type",
    "content_type": 5,
    "codename": "add_contenttype"
  }
},
{
  "model": "auth.permission",
  "pk": 18,
  "fields": {
    "name": "Can change content type",
    "content_type": 5,
    "codename": "change_contenttype"
  }
},
{
  "model": "auth.permission",
  "pk": 19,
  "fields": {
    "name": "Can delete content type",
    "content_type": 5,
    "codename": "delete_contenttype"
  }
},
{
  "model": "auth.permission",
  "pk": 20,
  "fields": {
    "name": "Can view content type",
    "content_type": 5,
    "codename": "view_contenttype"
  }
},
{
  "model": "auth.permission",
  "pk": 21,
  "fields": {
    "name": "Can add session",
    "content_type": 6,
    "codename": "add_session"
  }
},
{
  "model": "auth.permission",
  "pk": 22,
  "fields": {
    "name": "Can change session",
    "content_type": 6,
    "codename": "change_session"
  }
},
{
  "model": "auth.permission",
  "pk": 23,
  "fields": {
    "name": "Can delete session",
    "content_type": 6,
    "codename": "delete_session"
  }
},
{
  "model": "auth.permission",
  "pk": 24,
  "fields": {
    "name": "Can view session",
    "content_type": 6,
    "codename": "view_session"
  }
},
{
  "model": "auth.permission",
  "pk": 25,
  "fields": {
    "name": "Can add type",
    "content_type": 7,
    "codename": "add_type"
  }
},
{
  "model": "auth.permission",
  "pk": 26,
  "fields": {
    "name": "Can change type",
    "content_type": 7,
    "codename": "change_type"
  }
},
{
  "model": "auth.permission",
  "pk": 27,
  "fields": {
    "name": "Can delete type",
    "content_type": 7,
    "codename": "delete_type"
  }
},
{
  "model": "auth.permission",
  "pk": 28,
  "fields": {
    "name": "Can view type",
    "content_type": 7,
    "codename": "view_type"
  }
},
{
  "model": "auth.permission",
  "pk": 29,
  "fields": {
    "name": "Can add issue",
    "content_type": 8,
    "codename": "add_issue"
  }
},
{
  "model": "auth.permission",
  "pk": 30,
  "fields": {
    "name": "Can change issue",
    "content_type": 8,
    "codename": "change_issue"
  }
},
{
  "model": "auth.permission",
  "pk": 31,
  "fields": {
    "name": "Can delete issue",
    "content_type": 8,
    "codename": "delete_issue"
  }
},
{
  "model": "auth.permission",
  "pk": 32,
  "fields": {
    "name": "Can view issue",
    "content_type": 8,
    "codename": "view_issue"
  }
},
{
  "model": "auth.permission",
  "pk": 33,
  "fields": {
    "name": "Can add status",
    "content_type": 9,
    "codename": "add_status"
  }
},
{
  "model": "auth.permission",
  "pk": 34,
  "fields": {
    "name": "Can change status",
    "content_type": 9,
    "codename": "change_status"
  }
},
{
  "model": "auth.permission",
  "pk": 35,
  "fields": {
    "name": "Can delete status",
    "content_type": 9,
    "codename": "delete_status"
  }
},
{
  "model": "auth.permission",
  "pk": 36,
  "fields": {
    "name": "Can view status",
    "content_type": 9,
    "codename": "view_status"
  }
},
{
  "model": "auth.permission",
  "pk": 37,
  "fields": {
    "name": "Can add project",
    "content_type": 10,
    "codename": "add_project"
  }
},
{
  "model": "auth.permission",
  "pk": 38,
  "fields": {
    "name": "Can change project",
    "content_type": 10,
    "codename": "change_project"
  }
},
{
  "model": "auth.permission",
  "pk": 39,
  "fields": {
    "name": "Can delete project",
    "content_type": 10,
    "codename": "delete_project"
  }
},
{
  "model": "auth.permission",
  "pk": 40,
  "fields": {
    "name": "Can view project",
    "content_type": 10,
    "codename": "view_project"
  }
},
{
  "model": "auth.user",
  "pk": 1,
  "fields": {
    "password": "pbkdf2_sha256$260000$8KnsgTV4jj9hNNHNAaCA9F$ectuiNq5YhKgZelKeEW4a5epVYmqfzLXM/YJpAdzLFQ=",
    "last_login": "2023-05-27T06:17:11.073Z",
    "is_superuser": true,
    "username": "admin",
    "first_name": "",
    "last_name": "",
    "email": "",
    "is_staff": true,
    "is_active": true,
    "date_joined": "2023-05-27T06:16:52.003Z",
    "groups": [],
    "user_permissions": []
  }
},
{
  "model": "contenttypes.contenttype",
  "pk": 1,
  "fields": {
    "app_label": "admin",
    "model": "logentry"
  }
},
{
  "model": "contenttypes.contenttype",
  "pk": 2,
  "fields": {
    "app_label": "auth",
    "model": "permission"
  }
},
{
  "model": "contenttypes.contenttype",
  "pk": 3,
  "fields": {
    "app_label": "auth",
    "model": "group"
  }
},
{
  "model": "contenttypes.contenttype",
  "pk": 4,
  "fields": {
    "app_label": "auth",
    "model": "user"
  }
},
{
  "model": "contenttypes.contenttype",
  "pk": 5,
  "fields": {
    "app_label": "contenttypes",
    "model": "contenttype"
  }
},
{
  "model": "contenttypes.contenttype",
  "pk": 6,
  "fields": {
    "app_label": "sessions",
    "model": "session"
  }
},
{
  "model": "contenttypes.contenttype",
  "pk": 7,
  "fields": {
    "app_label": "tracker",
    "model": "type"
  }
},
{
  "model": "contenttypes.contenttype",
  "pk": 8,
  "fields": {
    "app_label": "tracker",
    "model": "issue"
  }
},
{
  "model": "contenttypes.contenttype",
  "pk": 9,
  "fields": {
    "app_label": "tracker",
    "model": "status"
  }
},
{
  "model": "contenttypes.contenttype",
  "pk": 10,
  "fields": {
    "app_label": "tracker",
    "model": "project"
  }
},
{
  "model": "sessions.session",
  "pk": "4nnwhny9ssvk1ex8jh00ddrlc2vehci1",
  "fields": {
    "session_data": ".eJxVjDsOwjAQBe_iGln-xJ-lpOcM1m7WxgHkSHFSIe4OkVJA-2bmvUTCba1p63lJE4uz0OL0uxGOj9x2wHdst1mOc1uXieSuyIN2eZ05Py-H-3dQsddvXQK4ELMmhJBtzKwNgBuANEdbomKlfGAFbCyBB2JdKNgBvY2RHRnx_gDTQDdl:1q2nEl:uSroLKUI1489aX3HeghxccstbGEgmJywUuRfHLb1AA8",
    "expire_date": "2023-06-10T06:17:11.091Z"
  }
},
{
  "model": "tracker.type",
  "pk": 1,
  "fields": {
    "type": "Task"
  }
},
{
  "model": "tracker.type",
  "pk": 2,
  "fields": {
    "type": "Bug"
  }
},
{
  "model": "tracker.type",
  "pk": 3,
  "fields": {
    "type": "Enhancement"
  }
},
{
  "model": "tracker.status",
  "pk": 1,
  "fields": {
    "status": "New"
  }
},
{
  "model": "tracker.status",
  "pk": 2,
  "fields": {
    "status": "In Progress"
  }
},
{
  "model": "tracker.status",
  "pk": 3,
  "fields": {
    "status": "Done"
  }
},
{
  "model": "tracker.project",
  "pk": 1,
  "fields": {
    "start_date": "2023-05-30",
    "finish_date": null,
    "name": "Issue Tracker test release",
    "description": "develop the thing on your local machine"
  }
},
{
  "model": "tracker.project",
  "pk": 2,
  "fields": {
    "start_date": "2023-05-30",
    "finish_date": null,
    "name": "test",
    "description": "test"
  }
},
{
  "model": "tracker.issue",
  "pk": 1,
  "fields": {
    "title": "Add functionality",
    "description": "Make some usefull functions",
    "status": 1,
    "type": 1,
    "created_at": "2023-05-27",
    "updated_at": "2023-05-27",
    "is_closed": false,
    "project": 1
  }
},
{
  "model": "tracker.issue",
  "pk": 2,
  "fields": {
    "title": "Improve Home Page",
    "description": "Make something special on the home page, we need a cath",
    "status": 2,
    "type": 3,
    "created_at": "2023-05-27",
    "updated_at": "2023-05-27",
    "is_closed": false,
    "project": 1
  }
},
{
  "model": "tracker.issue",
  "pk": 3,
  "fields": {
    "title": "Update the models",
    "description": "Update the models up to recent requirements and migrate it further ahead",
    "status": 3,
    "type": 1,
    "created_at": "2023-05-27",
    "updated_at": "2023-05-27",
    "is_closed": false,
    "project": 1
  }
},
{
  "model": "tracker.issue",
  "pk": 4,
  "fields": {
    "title": "Admin Panel displays Statuss instead of Status",
    "description": "Find out the cause and debug it",
    "status": 1,
    "type": 2,
    "created_at": "2023-05-27",
    "updated_at": "2023-05-27",
    "is_closed": false,
    "project": 1
  }
},
{
  "model": "tracker.issue",
  "pk": 5,
  "fields": {
    "title": "Continue developing an Issue Tracker",
    "description": "Keep working on your home work",
    "status": 2,
    "type": 1,
    "created_at": "2023-05-27",
    "updated_at": "2023-05-27",
    "is_closed": false,
    "project": 1
  }
},
{
  "model": "tracker.issue",
  "pk": 6,
  "fields": {
    "title": "Troubleshoot choose type/status",
    "description": "Currently the form displays id per type and status when filling the form. It should be the string values from models not id, thank you!",
    "status": 1,
    "type": 3,
    "created_at": "2023-05-28",
    "updated_at": "2023-05-28",
    "is_closed": false,
    "project": 1
  }
},
{
  "model": "tracker.issue",
  "pk": 7,
  "fields": {
    "title": "12313",
    "description": "2323",
    "status": 2,
    "type": 1,
    "created_at": "2023-05-28",
    "updated_at": "2023-05-29",
    "is_closed": true,
    "project": 1
  }
},
{
  "model": "tracker.issue",
  "pk": 8,
  "fields": {
    "title": "clean up your buggy website",
    "description": "definetly maybe",
    "status": 2,
    "type": 1,
    "created_at": "2023-05-29",
    "updated_at": "2023-05-29",
    "is_closed": false,
    "project": 1
  }
},
{
  "model": "tracker.issue",
  "pk": 9,
  "fields": {
    "title": "123",
    "description": "123",
    "status": 3,
    "type": 3,
    "created_at": "2023-05-29",
    "updated_at": "2023-05-30",
    "is_closed": true,
    "project": 1
  }
},
{
  "model": "tracker.issue",
  "pk": 10,
  "fields": {
    "title": "test2",
    "description": "test2",
    "status": 1,
    "type": 1,
    "created_at": "2023-05-29",
    "updated_at": "2023-05-30",
    "is_closed": true,
    "project": 1
  }
},
{
  "model": "tracker.issue",
  "pk": 11,
  "fields": {
    "title": "test3",
    "description": "test3",
    "status": 1,
    "type": 1,
    "created_at": "2023-05-29",
    "updated_at": "2023-05-30",
    "is_closed": true,
    "project": 1
  }
},
{
  "model": "tracker.issue",
  "pk": 12,
  "fields": {
    "title": "New Task",
    "description": "Here is your new task I've just upgraded it",
    "status": 1,
    "type": 1,
    "created_at": "2023-05-29",
    "updated_at": "2023-05-30",
    "is_closed": true,
    "project": 1
  }
},
{
  "model": "tracker.issue",
  "pk": 13,
  "fields": {
    "title": "Yet another task",
    "description": "Here is another update task for you, please ASAP",
    "status": 1,
    "type": 1,
    "created_at": "2023-05-29",
    "updated_at": "2023-05-29",
    "is_closed": false,
    "project": 1
  }
},
{
  "model": "tracker.issue",
  "pk": 14,
  "fields": {
    "title": "11",
    "description": "11",
    "status": 1,
    "type": 1,
    "created_at": "2023-05-29",
    "updated_at": "2023-05-30",
    "is_closed": true,
    "project": 1
  }
},
{
  "model": "tracker.issue",
  "pk": 15,
  "fields": {
    "title": "It's a new task",
    "description": "for sure, please ASAP",
    "status": 2,
    "type": 1,
    "created_at": "2023-05-29",
    "updated_at": "2023-05-30",
    "is_closed": true,
    "project": 1
  }
},
{
  "model": "tracker.issue",
  "pk": 16,
  "fields": {
    "title": "New issue from Boss",
    "description": "Make it better",
    "status": 1,
    "type": 1,
    "created_at": "2023-05-29",
    "updated_at": "2023-05-30",
    "is_closed": true,
    "project": 1
  }
},
{
  "model": "tracker.issue",
  "pk": 17,
  "fields": {
    "title": "Easy Task",
    "description": "This is very easy task",
    "status": 2,
    "type": 1,
    "created_at": "2023-05-29",
    "updated_at": "2023-05-30",
    "is_closed": false,
    "project": 1
  }
},
{
  "model": "tracker.issue",
  "pk": 18,
  "fields": {
    "title": "18 task",
    "description": "system has a bug, fix it !",
    "status": 2,
    "type": 1,
    "created_at": "2023-05-29",
    "updated_at": "2023-05-30",
    "is_closed": true,
    "project": 1
  }
},
{
  "model": "tracker.issue",
  "pk": 19,
  "fields": {
    "title": "Task 18",
    "description": "Definetly maybe!",
    "status": 2,
    "type": 1,
    "created_at": "2023-05-29",
    "updated_at": "2023-05-30",
    "is_closed": true,
    "project": 1
  }
},
{
  "model": "tracker.issue",
  "pk": 20,
  "fields": {
    "title": "Task 7",
    "description": "Theoretically it's the seventh issue",
    "status": 2,
    "type": 1,
    "created_at": "2023-05-29",
    "updated_at": "2023-05-30",
    "is_closed": true,
    "project": 1
  }
},
{
  "model": "tracker.issue",
  "pk": 21,
  "fields": {
    "title": "Another seventh",
    "description": "yeah yeah",
    "status": 2,
    "type": 1,
    "created_at": "2023-05-29",
    "updated_at": "2023-05-30",
    "is_closed": true,
    "project": 1
  }
},
{
  "model": "tracker.issue",
  "pk": 22,
  "fields": {
    "title": "The seventh task",
    "description": "This is your seven's task which is being troubleshoot for like infinity",
    "status": 3,
    "type": 1,
    "created_at": "2023-05-29",
    "updated_at": "2023-05-30",
    "is_closed": true,
    "project": 1
  }
},
{
  "model": "tracker.issue",
  "pk": 23,
  "fields": {
    "title": "seventh?",
    "description": "1",
    "status": 2,
    "type": 1,
    "created_at": "2023-05-29",
    "updated_at": "2023-05-30",
    "is_closed": true,
    "project": 1
  }
},
{
  "model": "tracker.issue",
  "pk": 24,
  "fields": {
    "title": "text field",
    "description": "213r",
    "status": 3,
    "type": 2,
    "created_at": "2023-05-29",
    "updated_at": "2023-05-30",
    "is_closed": true,
    "project": 1
  }
},
{
  "model": "tracker.issue",
  "pk": 25,
  "fields": {
    "title": "7",
    "description": "1",
    "status": 3,
    "type": 2,
    "created_at": "2023-05-29",
    "updated_at": "2023-05-30",
    "is_closed": true,
    "project": 1
  }
},
{
  "model": "tracker.issue",
  "pk": 26,
  "fields": {
    "title": "the seven",
    "description": "1234",
    "status": 2,
    "type": 1,
    "created_at": "2023-05-29",
    "updated_at": "2023-05-30",
    "is_closed": true,
    "project": 1
  }
},
{
  "model": "tracker.issue",
  "pk": 27,
  "fields": {
    "title": "7",
    "description": "7",
    "status": 2,
    "type": 1,
    "created_at": "2023-05-29",
    "updated_at": "2023-05-30",
    "is_closed": true,
    "project": 1
  }
},
{
  "model": "tracker.issue",
  "pk": 28,
  "fields": {
    "title": "7",
    "description": "7",
    "status": 2,
    "type": 1,
    "created_at": "2023-05-29",
    "updated_at": "2023-05-30",
    "is_closed": true,
    "project": 1
  }
},
{
  "model": "tracker.issue",
  "pk": 29,
  "fields": {
    "title": "29",
    "description": "",
    "status": 2,
    "type": 1,
    "created_at": "2023-05-29",
    "updated_at": "2023-05-30",
    "is_closed": true,
    "project": 1
  }
},
{
  "model": "tracker.issue",
  "pk": 30,
  "fields": {
    "title": "seven",
    "description": "yo yo",
    "status": 2,
    "type": 1,
    "created_at": "2023-05-29",
    "updated_at": "2023-05-30",
    "is_closed": true,
    "project": 1
  }
},
{
  "model": "tracker.issue",
  "pk": 31,
  "fields": {
    "title": "123eawe",
    "description": "e13qwe",
    "status": 2,
    "type": 1,
    "created_at": "2023-05-29",
    "updated_at": "2023-05-30",
    "is_closed": true,
    "project": 1
  }
},
{
  "model": "tracker.issue",
  "pk": 32,
  "fields": {
    "title": "sev",
    "description": "",
    "status": 2,
    "type": 1,
    "created_at": "2023-05-29",
    "updated_at": "2023-05-30",
    "is_closed": true,
    "project": 1
  }
},
{
  "model": "tracker.issue",
  "pk": 33,
  "fields": {
    "title": "Make it believable",
    "description": "Just breath and keep going",
    "status": 2,
    "type": 1,
    "created_at": "2023-05-30",
    "updated_at": "2023-05-30",
    "is_closed": true,
    "project": 1
  }
},
{
  "model": "tracker.issue",
  "pk": 34,
  "fields": {
    "title": "You see, it's easy",
    "description": "Like a I told ya",
    "status": 2,
    "type": 1,
    "created_at": "2023-05-30",
    "updated_at": "2023-05-30",
    "is_closed": true,
    "project": 1
  }
},
{
  "model": "tracker.issue",
  "pk": 35,
  "fields": {
    "title": "Seems easy, right?",
    "description": "Boy o boy",
    "status": 2,
    "type": 1,
    "created_at": "2023-05-30",
    "updated_at": "2023-05-30",
    "is_closed": true,
    "project": 1
  }
},
{
  "model": "tracker.issue",
  "pk": 36,
  "fields": {
    "title": "Seemed easy",
    "description": "d",
    "status": 2,
    "type": 1,
    "created_at": "2023-05-30",
    "updated_at": "2023-05-30",
    "is_closed": true,
    "project": 1
  }
}
]
